image,psnr,ssim,fsim,histSim,chi2,rsDiff,maxBytes,bpp,ber
0001.png,77.889218,0.999978,0.999989,1.000000,69.189118,0.360228,602,0.001681,0.000000
0002.png,77.828520,0.999960,0.999952,0.999999,43.895307,0.342373,812,0.001723,0.000000
0003.png,75.013361,0.999948,0.999970,0.999998,15.737019,0.374549,1130,0.003268,0.000000
0004.png,72.909563,0.999875,0.999675,0.999997,121.007604,0.683992,1827,0.005331,0.000000
0005.png,73.755591,0.999952,0.999982,0.999997,16.465814,0.269563,1811,0.004417,0.000000
0006.png,66.455359,0.999458,0.999343,0.999976,25.849125,0.564692,8146,0.023558,0.000000
0007.png,78.048751,0.999960,0.999979,0.999999,9.702195,0.174754,560,0.001620,0.000000
0008.png,74.080149,0.999938,0.999950,0.999992,531.683803,0.355520,1416,0.004095,0.000000
0009.png,75.460528,0.999940,0.999958,0.999998,310.830209,0.383616,1151,0.002962,0.000000
0010.png,70.503780,0.999850,0.999897,0.999995,16.610560,0.333822,3899,0.009301,0.000000
0011.png,74.229725,0.999953,0.999977,0.999997,93.270665,0.395343,1365,0.003948,0.000000
0012.png,67.009214,0.999595,0.999796,0.999931,24.406653,0.468837,7189,0.020791,0.000000
0013.png,78.149081,0.999976,0.999955,1.000000,5607.132384,0.798789,556,0.001594,0.000000
0014.png,78.259181,0.999983,0.999989,0.999999,23.334819,0.212090,537,0.001553,0.000000
0015.png,72.670806,0.999872,0.999914,0.999995,26.511732,0.491596,1951,0.005642,0.000000
0016.png,76.065777,0.999951,0.999969,0.999999,28.694056,0.367578,891,0.002577,0.000000
0017.png,76.986677,0.999970,0.999971,1.000000,122.402098,0.453964,723,0.002091,0.000000
0018.png,72.745394,0.999904,0.999871,0.999996,384.695174,0.568858,1925,0.005518,0.000000
0019.png,71.530678,0.999861,0.999897,0.999949,697.267523,0.294528,2859,0.007299,0.000000
0020.png,69.349630,0.999759,0.999692,0.999994,82.777291,0.481236,4300,0.012114,0.000000
0021.png,82.396803,0.999994,0.999990,1.000000,21.570720,0.546189,123,0.000628,0.000000
0022.png,75.469536,0.999954,0.999972,0.999995,21.541502,0.324111,752,0.003072,0.000000
0023.png,67.444610,0.999539,0.998515,0.999985,65.722194,0.809527,6481,0.018743,0.000000
0024.png,71.219958,0.999882,0.999874,0.999995,299.996322,0.266855,2729,0.007892,0.000000
0025.png,79.692969,0.999986,0.999991,1.000000,20.305182,0.285357,328,0.001128,0.000000
0026.png,78.379079,0.999964,0.999979,0.999999,315.486878,0.164205,597,0.001524,0.000000
0027.png,63.967950,0.998957,0.998914,0.999863,12.742281,0.550883,16447,0.041665,0.000000
0028.png,71.634823,0.999871,0.999861,0.999997,83.831437,0.465753,3625,0.007136,0.000000
0029.png,78.237137,0.999989,0.999994,1.000000,59.730013,0.127435,542,0.001567,0.000000
0030.png,72.545475,0.999879,0.999854,0.999991,32.098343,0.387498,1878,0.005790,0.000000
0031.png,73.798318,0.999932,0.999943,0.999995,362.764063,0.447993,1501,0.004341,0.000000
0032.png,73.084525,0.999874,0.999683,0.999967,65.130561,0.623009,1775,0.005133,0.000000
0033.png,67.312801,0.999664,0.999625,0.999562,229.205856,0.618298,6680,0.019319,0.000000
0034.png,76.135292,0.999972,0.999986,0.999999,54.961051,0.311423,872,0.002522,0.000000
0035.png,70.671958,0.999756,0.999741,0.999979,17.471124,0.401884,3066,0.008867,0.000000
0036.png,79.898568,0.999986,0.999979,1.000000,437.455745,0.713804,415,0.001060,0.000000
0037.png,82.372415,0.999993,0.999992,1.000000,256.989791,0.504549,208,0.000602,0.000000
0038.png,73.040671,0.999943,0.999931,0.999999,57.712295,0.385019,1614,0.005171,0.000000
0039.png,79.401904,0.999985,0.999985,0.999999,33.383575,0.489362,412,0.001192,0.000000
0040.png,81.360445,0.999985,0.999960,1.000000,22.456701,0.428738,264,0.000763,0.000000
0041.png,77.341375,0.999976,0.999983,0.999999,21.350214,0.282093,658,0.001903,0.000000
0042.png,72.088264,0.999878,0.999922,0.999994,39.763119,0.347896,2217,0.006412,0.000000
0043.png,70.535913,0.999784,0.999655,0.999990,255.223060,0.617930,3173,0.009176,0.000000
0044.png,73.050631,0.999925,0.999946,0.999997,41.806130,0.467835,2685,0.005161,0.000000
0045.png,74.069270,0.999909,0.999905,0.999989,512.029896,0.423901,1182,0.004066,0.000000
0046.png,73.748811,0.999926,0.999936,0.999997,12.622104,0.597833,1519,0.004393,0.000000
0047.png,69.981483,0.999860,0.999814,0.999983,53.261261,0.697696,3599,0.010408,0.000000
0048.png,80.522095,0.999979,0.999958,0.999998,578.855324,0.445956,318,0.000920,0.000000
0049.png,78.014990,0.999986,0.999982,1.000000,85.036443,0.647497,569,0.001646,0.000000
0050.png,73.497322,0.999929,0.999916,0.999997,153.084084,0.477522,1614,0.004668,0.000000
0051.png,78.861301,0.999967,0.999963,0.999998,127.376713,0.451765,468,0.001342,0.000000
0052.png,75.925587,0.999981,0.999990,0.999999,5.856040,0.289119,924,0.002672,0.000000
0053.png,76.788977,0.999964,0.999968,1.000000,456.488373,0.594343,750,0.002169,0.000000
0054.png,89.722876,0.999998,0.999999,1.000000,51.475383,0.154275,38,0.000112,0.000000
0055.png,72.250739,0.999862,0.999701,0.999998,139.983126,0.568638,1824,0.006209,0.000000
0056.png,76.007769,0.999951,0.999944,0.999998,71.539412,0.613741,923,0.002623,0.000000
0057.png,68.428234,0.999583,0.998745,0.999989,41.429802,0.803210,5168,0.014946,0.000000
0058.png,68.779555,0.999728,0.999595,0.999979,96.509690,0.738636,4749,0.013734,0.000000
0059.png,75.233003,0.999942,0.999941,1.000000,264.908923,0.564867,1317,0.003142,0.000000
0060.png,71.697578,0.999853,0.999907,0.999992,26.115173,0.405425,2200,0.007049,0.000000
0061.png,83.757564,0.999992,0.999993,1.000000,1550.667029,0.515072,150,0.000458,0.000000
0062.png,81.395574,0.999988,0.999990,1.000000,1565.036293,0.449619,278,0.000763,0.000000
0063.png,82.476493,0.999991,0.999995,1.000000,1105.635340,0.071444,246,0.000609,0.000000
0064.png,65.184728,0.999254,0.998156,0.999931,103.675146,0.723813,10898,0.031517,0.000000
0065.png,105.285202,1.000000,1.000000,1.000000,222.984656,0.227694,1,0.000003,0.000000
0066.png,69.182837,0.999734,0.999884,0.999946,13.928699,0.312906,4346,0.012569,0.000000
0067.png,75.571549,0.999963,0.999959,1.000000,96.369705,0.246973,981,0.002914,0.000000
0068.png,67.781759,0.999668,0.999555,0.999961,21.450235,0.624311,6104,0.017346,0.000000
0069.png,73.181030,0.999911,0.999955,0.999996,121.157286,0.406464,1586,0.004984,0.000000
0070.png,75.746952,0.999946,0.999965,0.999997,49.212213,0.433745,952,0.002753,0.000000
0071.png,76.918453,0.999959,0.999974,0.999999,170.440131,0.373567,731,0.002114,0.000000
0072.png,71.116223,0.999786,0.999681,0.999985,12.264708,0.525598,2770,0.008011,0.000000
0073.png,86.237152,0.999998,0.999997,1.000000,153.848761,0.320381,69,0.000237,0.000000
0074.png,76.816730,0.999975,0.999961,0.999987,606.765376,0.453726,728,0.002105,0.000000
0075.png,73.956718,0.999965,0.999972,0.999992,78.628203,0.299042,1439,0.004162,0.000000
0076.png,78.860870,0.999953,0.999949,1.000000,323.035988,0.362456,554,0.001382,0.000000
0077.png,71.096806,0.999881,0.999768,0.999996,125.177024,0.724085,2800,0.008098,0.000000
0078.png,76.561797,0.999976,0.999986,0.999999,16.673275,0.280192,795,0.002299,0.000000
0079.png,71.971647,0.999836,0.999618,0.999997,626.962260,0.531791,2292,0.006628,0.000000
0080.png,73.454841,0.999910,0.999875,0.999998,124.281822,0.662714,1598,0.004705,0.000000
0081.png,67.870071,0.999648,0.999600,0.999948,231.199719,0.693095,5893,0.017043,0.000000
0082.png,70.875076,0.999867,0.999922,0.999986,252.656752,0.442426,2631,0.008513,0.000000
0083.png,75.411501,0.999961,0.999973,0.999999,15.142030,0.310777,887,0.002988,0.000000
0084.png,78.153772,0.999968,0.999934,1.000000,142.693357,0.544827,561,0.001608,0.000000
0085.png,75.655430,0.999951,0.999876,0.999999,172.649551,0.766358,985,0.002849,0.000000
0086.png,79.259115,0.999980,0.999985,1.000000,4165.997553,0.297614,428,0.001238,0.000000
0087.png,78.932424,0.999984,0.999981,1.000000,21.758875,0.299383,463,0.001339,0.000000
0088.png,76.828347,0.999969,0.999973,1.000000,7087.431006,0.158808,755,0.002183,0.000000
0089.png,73.250247,0.999930,0.999953,0.999997,94.572191,0.333442,1935,0.004940,0.000000
0090.png,69.165669,0.999814,0.999833,0.999992,36.682576,0.580342,4373,0.012647,0.000000
0091.png,70.937550,0.999807,0.999762,0.999996,486.032146,0.540490,3292,0.008405,0.000000
0092.png,78.717035,0.999970,0.999953,1.000000,132.579310,0.627109,415,0.001413,0.000000
0093.png,78.929968,0.999984,0.999992,1.000000,1448.587171,0.201805,461,0.001322,0.000000
0094.png,73.617581,0.999909,0.999929,0.999996,1150.391729,0.452099,1475,0.004547,0.000000
0095.png,69.910345,0.999713,0.999372,0.999956,49.183883,0.522244,3669,0.010611,0.000000
0096.png,70.782039,0.999873,0.999902,0.999980,14.125882,0.500489,2997,0.008667,0.000000
0097.png,73.892935,0.999893,0.999852,0.999995,35.518500,0.547626,1284,0.004238,0.000000
0098.png,71.726349,0.999898,0.999929,0.999997,15.918165,0.368250,2744,0.007006,0.000000
0099.png,70.849919,0.999868,0.999877,0.999971,149.990277,0.446034,3343,0.008535,0.000000
0100.png,70.428714,0.999806,0.999794,0.999996,527.207765,0.400762,3257,0.009419,0.000000
0101.png,76.554666,0.999952,0.999947,1.000000,13360.586164,0.219632,902,0.002339,0.000000
0102.png,81.270711,0.999994,0.999997,1.000000,10.752756,0.236819,266,0.000763,0.000000
0103.png,85.458104,0.999998,0.999998,1.000000,1416.092822,0.375120,87,0.000299,0.000000
0104.png,74.539858,0.999956,0.999970,0.999996,414.641467,0.304320,1245,0.003699,0.000000
0105.png,76.728640,0.999963,0.999972,0.999998,8.417514,0.375860,724,0.002191,0.000000
0106.png,79.836773,0.999975,0.999961,0.999999,54.060078,0.599062,317,0.001079,0.000000
0107.png,78.800997,0.999974,0.999981,0.999996,143.916670,0.187074,477,0.001379,0.000000
0108.png,74.874136,0.999943,0.999967,0.999999,76.986188,0.360781,1319,0.003368,0.000000
0109.png,65.931039,0.999407,0.998411,0.999986,2729.637826,0.767163,9196,0.026595,0.000000
0110.png,67.595739,0.999630,0.999495,0.999978,146.408618,0.660073,6260,0.018104,0.000000
0111.png,75.110426,0.999978,0.999976,0.999997,305.464817,0.564683,1112,0.003216,0.000000
0112.png,69.576548,0.999750,0.999606,0.999981,76.560997,0.684167,3961,0.011455,0.000000
0113.png,74.325706,0.999920,0.999926,0.999999,1165.058508,0.444169,1338,0.003836,0.000000
0114.png,68.858233,0.999695,0.999647,0.999429,90.484423,0.681754,4687,0.013436,0.000000
0115.png,77.321848,0.999928,0.999793,1.000000,13512.828473,0.146088,786,0.002007,0.000000
0116.png,67.616237,0.999583,0.999284,0.999935,74.062934,0.550841,6229,0.018014,0.000000
0117.png,75.984887,0.999931,0.999936,0.999993,36.690363,0.378344,909,0.002629,0.000000
0118.png,74.211990,0.999947,0.999944,1.000000,44.806382,0.348931,1497,0.003945,0.000000
0119.png,77.490970,0.999960,0.999958,1.000000,186.090854,0.528818,645,0.001865,0.000000
0120.png,69.963968,0.999759,0.999504,0.999997,1701.119265,0.665244,3650,0.010556,0.000000
0121.png,63.685190,0.998852,0.996161,0.999525,37.757232,0.761621,15414,0.044577,0.000000
0122.png,86.828298,0.999998,0.999999,1.000000,37.670628,0.258371,53,0.000217,0.000000
0123.png,70.135566,0.999838,0.999793,0.999999,754.570978,0.471113,3943,0.010067,0.000000
0124.png,69.322204,0.999681,0.998982,0.999988,469.510404,0.657748,4198,0.012141,0.000000
0125.png,71.411717,0.999877,0.999888,0.999998,1443.228580,0.506162,2609,0.007545,0.000000
0126.png,74.101705,0.999936,0.999960,1.000000,27.063314,0.353300,1513,0.004053,0.000000
0127.png,73.968543,0.999904,0.999854,0.999997,73.205695,0.556570,1454,0.004205,0.000000
0128.png,74.115781,0.999931,0.999923,0.999999,67.397350,0.604875,1321,0.004035,0.000000
0129.png,78.604602,0.999990,0.999995,1.000000,18.997991,0.221988,496,0.001434,0.000000
0130.png,68.596438,0.999737,0.999770,0.999944,26.563619,0.667124,4985,0.014417,0.000000
0131.png,88.209339,0.999999,0.999999,1.000000,118.271772,0.410032,55,0.000159,0.000000
0132.png,78.919726,0.999982,0.999985,0.999999,36.318692,0.381244,438,0.001325,0.000000
0133.png,71.595335,0.999922,0.999868,0.999999,281.350699,0.815739,2495,0.007216,0.000000
0134.png,78.783702,0.999983,0.999983,1.000000,61.669214,0.528235,619,0.001367,0.000000
0135.png,71.691387,0.999888,0.999935,0.999996,52.643125,0.273523,2413,0.007041,0.000000
0136.png,63.689968,0.998752,0.995333,0.999849,26.860413,0.734169,15405,0.044551,0.000000
0137.png,74.262037,0.999931,0.999931,0.999998,94.017323,0.600220,1323,0.003895,0.000000
0138.png,81.532231,0.999985,0.999935,1.000000,535.994124,0.762584,249,0.000720,0.000000
0139.png,78.373843,0.999985,0.999992,1.000000,219.782727,0.200816,381,0.001576,0.000000
0140.png,76.312386,0.999972,0.999990,0.999998,5.477024,0.209667,839,0.002426,0.000000
0141.png,78.409444,0.999983,0.999990,1.000000,48.800153,0.400121,511,0.001478,0.000000
0142.png,79.974516,0.999978,0.999976,0.999998,137.448272,0.323954,355,0.001027,0.000000
0143.png,81.202620,0.999992,0.999995,1.000000,36.368827,0.315829,271,0.000784,0.000000
0144.png,66.778156,0.999760,0.999867,0.999933,154.439580,0.520385,7572,0.021898,0.000000
0145.png,98.845593,1.000000,1.000000,1.000000,156.970398,0.333412,3,0.000016,0.000000
0146.png,71.511665,0.999816,0.999740,0.999950,130.198724,0.448127,2523,0.007297,0.000000
0147.png,81.181884,0.999994,0.999996,1.000000,86.927376,0.327875,339,0.000803,0.000000
0148.png,73.959721,0.999919,0.999907,0.999994,178.491083,0.447828,1435,0.004150,0.000000
0149.png,76.214303,0.999932,0.999933,0.999998,66.571374,0.421140,1114,0.002494,0.000000
0150.png,83.137953,0.999996,0.999994,1.000000,75.010850,0.570732,145,0.000489,0.000000
0151.png,69.303243,0.999673,0.999779,0.999975,15.435117,0.388880,4216,0.012193,0.000000
0152.png,68.402308,0.999714,0.999622,0.999957,25.950028,0.663860,5199,0.015036,0.000000
0153.png,67.930917,0.999680,0.999775,0.999928,100.579984,0.438923,5805,0.016788,0.000000
0154.png,73.122183,0.999855,0.999724,0.999991,217.484506,0.650418,1735,0.005018,0.000000
0155.png,71.658660,0.999832,0.999785,0.999997,649.436685,0.626090,3705,0.007122,0.000000
0156.png,68.072903,0.999652,0.999543,0.999961,21.580454,0.631400,5613,0.016233,0.000000
0157.png,68.933431,0.999676,0.998833,0.999981,117.307182,0.866659,4601,0.013306,0.000000
0158.png,72.091044,0.999883,0.999893,0.999993,52.272292,0.477272,2011,0.006443,0.000000
0159.png,73.982615,0.999930,0.999922,0.999999,58.735304,0.527652,1447,0.004185,0.000000
0160.png,73.797353,0.999949,0.999976,0.999991,35.140207,0.260252,1502,0.004344,0.000000
0161.png,74.465494,0.999909,0.999923,0.999997,196.729009,0.444429,1198,0.003729,0.000000
0162.png,69.680351,0.999904,0.999948,0.999983,79.111753,0.328961,3904,0.011191,0.000000
0163.png,69.081871,0.999663,0.999674,0.999981,29.544151,0.650957,4462,0.012904,0.000000
0164.png,73.591979,0.999890,0.999778,0.999998,246.145672,0.820870,1568,0.004535,0.000000
0165.png,73.191272,0.999905,0.999875,0.999995,105.824324,0.505732,1721,0.004977,0.000000
0166.png,66.688782,0.999435,0.999525,0.999890,42.621129,0.467813,7706,0.022286,0.000000
0167.png,70.067190,0.999781,0.999140,0.999996,112.100999,0.822958,3563,0.010304,0.000000
0168.png,70.853839,0.999818,0.999525,0.999995,245.668317,0.696012,2969,0.008586,0.000000
0169.png,73.893136,0.999941,0.999951,0.999996,63.533948,0.479108,1471,0.004254,0.000000
0170.png,69.638805,0.999825,0.999859,0.999999,178.528623,0.620373,3348,0.011397,0.000000
0171.png,78.211625,0.999974,0.999973,1.000000,71.810428,0.408648,615,0.001570,0.000000
0172.png,66.903861,0.999517,0.999352,0.999897,729.463364,0.651279,6811,0.021198,0.000000
0173.png,76.156830,0.999973,0.999982,0.999999,72.179810,0.316046,867,0.002507,0.000000
0174.png,85.037194,0.999994,0.999996,1.000000,11.810335,0.302158,111,0.000333,0.000000
0175.png,80.077466,0.999985,0.999990,1.000000,292.639656,0.367029,278,0.001021,0.000000
0176.png,79.246424,0.999976,0.999974,1.000000,11894.921133,0.135623,534,0.001274,0.000000
0177.png,75.182551,0.999946,0.999867,1.000000,273.549115,0.768259,1090,0.003152,0.000000
0178.png,77.108608,0.999971,0.999977,0.999998,23.117843,0.381867,691,0.001998,0.000000
0179.png,79.031095,0.999979,0.999972,0.999999,200.375365,0.457138,449,0.001299,0.000000
0180.png,72.372553,0.999881,0.999895,1.000000,416.776747,0.476642,2085,0.006030,0.000000
0181.png,69.050610,0.999760,0.999843,0.999979,11.944177,0.302875,5100,0.013021,0.000000
0182.png,76.302427,0.999970,0.999988,0.999997,18.854587,0.233484,780,0.002451,0.000000
0183.png,81.302487,0.999984,0.999985,1.000000,75.138394,0.365831,266,0.000769,0.000000
0184.png,68.946735,0.999810,0.999814,0.999979,165.644156,0.524749,4573,0.013225,0.000000
0185.png,68.789837,0.999688,0.999426,0.999991,60.316818,0.595203,4020,0.013685,0.000000
0186.png,79.765977,0.999979,0.999989,1.000000,3835.482971,0.453133,381,0.001102,0.000000
0187.png,68.056821,0.999702,0.999764,0.999953,15.274580,0.598995,5640,0.016311,0.000000
0188.png,74.687505,0.999932,0.999931,0.999997,3638.522869,0.496852,1438,0.003643,0.000000
0189.png,79.097272,0.999984,0.999996,1.000000,405.418296,0.291762,444,0.001284,0.000000
0190.png,66.043616,0.999687,0.999709,0.999900,123.466112,0.643420,8912,0.025774,0.000000
0191.png,71.003380,0.999852,0.999865,0.999971,56.160462,0.473225,2406,0.008190,0.000000
0192.png,76.707649,0.999970,0.999987,0.999995,85.190472,0.327424,827,0.002234,0.000000
0193.png,75.539782,0.999952,0.999820,0.999996,7451.899139,0.508543,1022,0.002956,0.000000
0194.png,78.486004,0.999967,0.999842,1.000000,230.959196,0.816470,514,0.001486,0.000000
0195.png,70.641998,0.999900,0.999888,0.999998,142.469855,0.362507,3102,0.008971,0.000000
0196.png,70.238916,0.999756,0.999702,0.999985,379.914278,0.405082,3403,0.009842,0.000000
0197.png,69.636606,0.999777,0.999799,0.999995,103.972576,0.429098,3928,0.011360,0.000000
0198.png,73.229025,0.999922,0.999900,0.999999,166.287182,0.646333,1724,0.004986,0.000000
0199.png,70.876119,0.999851,0.999868,0.999991,201.761501,0.493810,3359,0.008509,0.000000
0200.png,64.519116,0.999287,0.999083,0.999904,256.934808,0.529946,12716,0.036775,0.000000
0201.png,74.990261,0.999925,0.999963,0.999994,95.920065,0.280292,1290,0.003294,0.000000
0202.png,70.703829,0.999936,0.999962,0.999991,21.679391,0.382628,3050,0.008821,0.000000
0203.png,84.804533,0.999995,0.999995,1.000000,23.657719,0.212314,120,0.000347,0.000000
0204.png,75.219450,0.999949,0.999951,0.999999,47.612158,0.592562,1001,0.003115,0.000000
0205.png,74.704052,0.999926,0.999944,0.999986,31.799704,0.327652,794,0.003655,0.000000
0206.png,72.053388,0.999890,0.999876,0.999959,39.927595,0.485508,2252,0.006513,0.000000
0207.png,69.621974,0.999829,0.999883,0.999981,84.808107,0.387340,3926,0.011354,0.000000
0208.png,75.458134,0.999928,0.999899,0.999999,59.106133,0.512759,1014,0.002933,0.000000
0209.png,73.074875,0.999888,0.999857,0.999996,46.700935,0.601676,1760,0.005090,0.000000
0210.png,74.415672,0.999974,0.999983,0.999981,310.094641,0.289754,1299,0.003757,0.000000
0211.png,82.230234,0.999994,0.999997,1.000000,14.990438,0.153250,214,0.000619,0.000000
0212.png,86.623714,0.999998,0.999999,1.000000,144.426585,0.190166,88,0.000225,0.000000
0213.png,77.052723,0.999964,0.999984,0.999999,47.401804,0.161876,717,0.002074,0.000000
0214.png,78.149537,0.999986,0.999993,1.000000,147.918687,0.212103,547,0.001582,0.000000
0215.png,70.539857,0.999821,0.999607,0.999978,164.757437,0.651643,3658,0.009196,0.000000
0216.png,75.779081,0.999960,0.999986,0.999998,51.038729,0.127676,1134,0.002725,0.000000
0217.png,75.661518,0.999944,0.999823,0.999999,98.491818,0.548599,1470,0.002826,0.000000
0218.png,77.263963,0.999955,0.999948,1.000000,384.101598,0.340459,679,0.001964,0.000000
0219.png,83.355526,0.999993,0.999995,1.000000,33.386127,0.377136,167,0.000479,0.000000
0220.png,79.456950,0.999989,0.999992,1.000000,45.956491,0.430716,410,0.001186,0.000000
0221.png,67.936418,0.999650,0.999736,0.999608,69.354495,0.305366,5733,0.016580,0.000000
0222.png,75.916635,0.999941,0.999892,0.999996,132.775609,0.542717,780,0.002628,0.000000
0223.png,69.057445,0.999753,0.999787,0.999985,21.427723,0.466311,4470,0.012927,0.000000
0224.png,69.666837,0.999820,0.999801,0.999980,1199.810661,0.653239,3886,0.011238,0.000000
0225.png,66.405722,0.999542,0.999453,0.999911,114.894201,0.570602,8178,0.023651,0.000000
0226.png,79.634534,0.999983,0.999979,0.999999,402.393234,0.366293,394,0.001139,0.000000
0227.png,67.676291,0.999502,0.998777,0.999963,48.350331,0.718475,6135,0.017742,0.000000
0228.png,70.874855,0.999831,0.999781,0.999996,49.124417,0.430483,2947,0.008523,0.000000
0229.png,71.881186,0.999829,0.999771,0.999984,29.630933,0.558426,2221,0.006721,0.000000
0230.png,76.773315,0.999983,0.999984,0.999999,106.664289,0.440547,778,0.002192,0.000000
0231.png,80.709416,0.999983,0.999990,1.000000,914.793559,0.198752,309,0.000894,0.000000
0232.png,70.750548,0.999833,0.999705,0.999991,172.478090,0.428157,3027,0.008754,0.000000
0233.png,74.048754,0.999913,0.999896,0.999998,154.313505,0.602355,1422,0.004076,0.000000
0234.png,81.113310,0.999981,0.999981,1.000000,258.700306,0.424026,281,0.000813,0.000000
0235.png,68.973402,0.999721,0.999668,0.999968,32.071216,0.424098,4556,0.013176,0.000000
0236.png,70.582047,0.999758,0.999521,0.999971,111.043880,0.570081,3155,0.009124,0.000000
0237.png,75.634551,0.999980,0.999983,0.999999,42.930120,0.573032,828,0.002848,0.000000
0238.png,83.625767,0.999994,0.999996,1.000000,34.486426,0.394874,151,0.000457,0.000000
0239.png,68.933200,0.999789,0.999819,0.999987,200.424108,0.570340,3937,0.013402,0.000000
0240.png,68.566270,0.999654,0.999702,0.999951,78.830321,0.479131,6776,0.014473,0.000000
0241.png,78.188606,0.999961,0.999867,0.999999,93.417743,0.595394,545,0.001576,0.000000
0242.png,66.448923,0.999687,0.999764,0.999843,336.694023,0.354083,8143,0.023550,0.000000
0243.png,76.725141,0.999951,0.999938,0.999998,85.869948,0.277195,458,0.002303,0.000000
0244.png,74.288028,0.999923,0.999955,0.999998,100.654433,0.495400,1510,0.003855,0.000000
0245.png,77.342220,0.999983,0.999990,1.000000,159.585987,0.251339,749,0.001912,0.000000
0246.png,77.705280,0.999992,0.999991,1.000000,684.616141,0.386551,611,0.001767,0.000000
0247.png,75.976912,0.999972,0.999968,1.000000,245.311911,0.520862,903,0.002611,0.000000
0248.png,70.811723,0.999871,0.999919,0.999993,100.178827,0.353964,2978,0.008612,0.000000
0249.png,78.059549,0.999983,0.999990,1.000000,24.858823,0.385666,569,0.001646,0.000000
0250.png,65.715809,0.999325,0.998880,0.999894,27.811650,0.613935,9643,0.027888,0.000000
0251.png,68.858843,0.999670,0.999155,0.999991,64.675965,0.669145,4697,0.013584,0.000000
0252.png,74.497640,0.999935,0.999910,1.000000,156.392389,0.603692,1280,0.003702,0.000000
0253.png,73.706659,0.999916,0.999766,0.999997,95.078258,0.793823,1540,0.004454,0.000000
0254.png,78.446430,0.999977,0.999981,1.000000,189.083837,0.336291,505,0.001460,0.000000
0255.png,69.840741,0.999873,0.999874,0.999996,33.429671,0.609130,3734,0.010799,0.000000
0256.png,75.157144,0.999914,0.999929,1.000000,542.642250,0.551646,1122,0.003245,0.000000
0257.png,75.695868,0.999948,0.999971,1.000000,301.702153,0.350433,959,0.002773,0.000000
0258.png,67.272415,0.999616,0.999679,0.999952,286.939640,0.446062,6750,0.019521,0.000000
0259.png,73.490881,0.999897,0.999904,0.999994,43.270550,0.476531,1527,0.004621,0.000000
0260.png,77.179491,0.999971,0.999979,1.000000,95.427984,0.532289,694,0.002007,0.000000
0261.png,88.976708,0.999999,0.999999,1.000000,13.330232,0.132535,45,0.000130,0.000000
0262.png,85.217730,0.999996,0.999996,1.000000,250.302676,0.444308,107,0.000309,0.000000
0263.png,67.397367,0.999595,0.998922,0.999997,1033.173021,0.800975,6427,0.018922,0.000000
0264.png,69.652772,0.999711,0.999636,0.999953,34.835384,0.698170,3894,0.011261,0.000000
0265.png,75.851886,0.999985,0.999977,0.999999,448.850340,0.589217,929,0.002687,0.000000
0266.png,73.431204,0.999886,0.999837,0.999999,29.846797,0.400177,1631,0.004717,0.000000
0267.png,72.156883,0.999825,0.999656,0.999997,294.700872,0.754581,2199,0.006360,0.000000
0268.png,67.579069,0.999600,0.998976,0.999966,374.820905,0.639803,6279,0.018159,0.000000
0269.png,73.064801,0.999901,0.999890,0.999998,132.300434,0.480056,2137,0.005135,0.000000
0270.png,73.403098,0.999879,0.999894,0.999994,175.241768,0.334067,1627,0.004705,0.000000
0271.png,82.168491,0.999992,0.999993,1.000000,3254.543012,0.311262,250,0.000638,0.000000
0272.png,72.149090,0.999856,0.999699,0.999998,31.654231,0.746609,1925,0.006354,0.000000
0273.png,67.635198,0.999417,0.999243,0.999912,187.221168,0.460054,6223,0.017997,0.000000
0274.png,77.066627,0.999981,0.999989,0.999999,121.512967,0.265022,704,0.002036,0.000000
0275.png,70.104787,0.999774,0.999547,0.999997,2005.478303,0.582240,3517,0.010171,0.000000
0276.png,74.823063,0.999929,0.999862,0.999991,3159.752652,0.536192,1165,0.003369,0.000000
0277.png,66.634604,0.999500,0.999610,0.999867,59.210950,0.543366,7841,0.022676,0.000000
0278.png,69.734293,0.999800,0.999729,1.000000,5915.074390,0.516267,3823,0.011056,0.000000
0279.png,68.136260,0.999647,0.999586,0.999956,33.704384,0.475890,5533,0.016002,0.000000
0280.png,75.581650,0.999941,0.999932,0.999998,89.567988,0.565744,845,0.002876,0.000000
0281.png,81.675475,0.999988,0.999987,0.999994,324.598329,0.137845,195,0.000664,0.000000
0282.png,69.523291,0.999768,0.999629,0.999964,210.911936,0.671026,4021,0.011629,0.000000
0283.png,81.194136,0.999982,0.999973,1.000000,220.533681,0.357942,275,0.000795,0.000000
0284.png,74.583496,0.999929,0.999928,0.999999,94.369451,0.498734,1255,0.003629,0.000000
0285.png,72.387461,0.999918,0.999949,0.999968,73.272827,0.423846,1895,0.006012,0.000000
0286.png,83.572787,0.999994,0.999996,1.000000,3813.582926,0.337318,176,0.000449,0.000000
0287.png,74.587660,0.999947,0.999933,0.999998,24.366645,0.574153,1248,0.003609,0.000000
0288.png,82.325418,0.999991,0.999994,1.000000,27.699445,0.246639,213,0.000616,0.000000
0289.png,74.017792,0.999935,0.999832,0.999995,528.987313,0.583441,1402,0.004055,0.000000
0290.png,71.004854,0.999847,0.999869,0.999972,199.141865,0.483861,2853,0.008251,0.000000
0291.png,81.612518,0.999996,0.999999,1.000000,13.621483,0.122270,230,0.000716,0.000000
0292.png,76.726417,0.999964,0.999977,0.999999,64.491337,0.476719,773,0.002236,0.000000
0293.png,81.423757,0.999994,0.999997,1.000000,91.259950,0.313305,224,0.000763,0.000000
0294.png,65.270388,0.999177,0.998967,0.999859,112.326029,0.624173,10706,0.030962,0.000000
0295.png,73.479532,0.999972,0.999984,0.999998,39.350635,0.599012,1630,0.004714,0.000000
0296.png,64.745713,0.999301,0.999281,0.999818,88.260320,0.668638,12026,0.034779,0.000000
0297.png,87.602153,0.999999,1.000000,1.000000,19.436305,0.114746,62,0.000181,0.000000
0298.png,71.246664,0.999891,0.999942,0.999989,23.653440,0.393311,2424,0.007766,0.000000
0299.png,72.774788,0.999897,0.999934,0.999991,118.144618,0.504476,1960,0.005522,0.000000
0300.png,79.415312,0.999970,0.999951,0.999999,258.585257,0.280594,402,0.001194,0.000000
0301.png,67.731551,0.999526,0.996788,0.999984,171.161621,0.725275,6058,0.017520,0.000000
0302.png,77.300551,0.999965,0.999974,0.999999,21.670722,0.334831,676,0.001955,0.000000
0303.png,72.589988,0.999905,0.999928,0.999996,395.987218,0.309059,1979,0.005723,0.000000
0304.png,77.240615,0.999964,0.999967,1.000000,252.876493,0.465294,607,0.001945,0.000000
0305.png,89.355171,0.999999,1.000000,1.000000,57.294489,0.162965,41,0.000119,0.000000
0306.png,77.860816,0.999982,0.999985,0.999999,44.718184,0.475065,584,0.001689,0.000000
0307.png,68.198960,0.999716,0.999527,0.999995,518.787667,0.582012,5483,0.015857,0.000000
0308.png,67.906248,0.999761,0.999791,0.999973,19.496949,0.545373,5827,0.016852,0.000000
0309.png,68.966165,0.999568,0.999591,0.999877,156.947743,0.471546,4569,0.013214,0.000000
0310.png,72.938973,0.999903,0.999919,0.999997,276.422976,0.400565,1826,0.005281,0.000000
0311.png,91.917746,0.999999,0.999998,1.000000,557.036790,0.304460,20,0.000066,0.000000
0312.png,78.317511,0.999960,0.999951,0.999994,68.148485,0.495790,671,0.001533,0.000000
0313.png,82.361311,0.999988,0.999991,0.999999,94.532161,0.316897,209,0.000604,0.000000
0314.png,72.571180,0.999904,0.999904,0.999999,85.217822,0.501965,1998,0.005778,0.000000
0315.png,77.551476,0.999969,0.999951,1.000000,136.261466,0.810574,575,0.001879,0.000000
0316.png,72.116249,0.999895,0.999939,0.999996,31.860502,0.569469,2173,0.006398,0.000000
0317.png,73.712142,0.999892,0.999949,0.999991,22.829695,0.375161,1539,0.004451,0.000000
0318.png,71.747046,0.999911,0.999937,0.999999,37.861021,0.524091,2403,0.006950,0.000000
0319.png,65.034371,0.999215,0.998741,0.999886,24.891849,0.723346,11259,0.032561,0.000000
0320.png,76.338286,0.999977,0.999994,0.999999,238.919958,0.175701,847,0.002450,0.000000
0321.png,82.075655,0.999988,0.999968,1.000000,90.318866,0.801272,226,0.000654,0.000000
0322.png,72.783679,0.999910,0.999935,0.999996,12.234837,0.325463,2295,0.005474,0.000000
0323.png,73.548217,0.999910,0.999924,0.999987,32.840435,0.573490,1591,0.004601,0.000000
0324.png,85.474000,0.999989,0.999992,1.000000,816.271727,0.233065,100,0.000289,0.000000
0325.png,81.518510,0.999992,0.999994,1.000000,91.844861,0.465714,254,0.000735,0.000000
0326.png,72.707731,0.999917,0.999929,0.999999,165.129385,0.298163,1915,0.005538,0.000000
0327.png,68.504874,0.999611,0.999157,0.999976,1640.697552,0.566596,4290,0.014604,0.000000
0328.png,72.055196,0.999896,0.999948,0.999988,20.439212,0.264835,2228,0.006443,0.000000
0329.png,69.401062,0.999799,0.999759,0.999942,200.360353,0.680734,4120,0.011915,0.000000
0330.png,88.398328,0.999999,0.999999,1.000000,25.251642,0.279928,44,0.000151,0.000000
0331.png,67.207198,0.999666,0.999787,0.999939,486.300669,0.517371,6845,0.019796,0.000000
0332.png,78.785251,0.999981,0.999994,1.000000,94.165994,0.239460,436,0.001397,0.000000
0333.png,78.815678,0.999980,0.999991,1.000000,26.311161,0.219490,471,0.001362,0.000000
0334.png,74.384638,0.999929,0.999952,0.999999,62.649990,0.181795,1327,0.003838,0.000000
0335.png,73.520785,0.999907,0.999949,0.999995,4.888775,0.362009,1501,0.004628,0.000000
0336.png,72.878436,0.999883,0.999928,0.999994,20.100333,0.342547,1873,0.005417,0.000000
0337.png,68.455331,0.999747,0.999756,0.999997,127.356159,0.665374,6190,0.014874,0.000000
0338.png,70.096385,0.999663,0.999331,0.999998,372.519362,0.644804,3582,0.010359,0.000000
0339.png,75.195576,0.999974,0.999989,0.999999,683.398601,0.259233,1089,0.003149,0.000000
0340.png,79.249855,0.999989,0.999989,1.000000,34.966127,0.544362,241,0.001270,0.000000
0341.png,75.596472,0.999963,0.999970,1.000000,277.561837,0.517141,1056,0.002876,0.000000
0342.png,75.360535,0.999946,0.999974,0.999999,207.295302,0.323381,1046,0.003025,0.000000
0343.png,80.843995,0.999983,0.999981,1.000000,232.219396,0.357222,263,0.000859,0.000000
0344.png,73.910726,0.999913,0.999887,0.999999,40.303898,0.548276,1475,0.004266,0.000000
0345.png,70.474615,0.999860,0.999932,0.999988,22.234468,0.435530,3225,0.009327,0.000000
0346.png,70.728696,0.999781,0.999695,0.999968,44.797319,0.445569,3048,0.008815,0.000000
0347.png,71.254374,0.999799,0.999845,0.999980,95.615915,0.489385,3589,0.007819,0.000000
0348.png,69.561911,0.999597,0.999801,0.999934,225.339449,0.421167,3731,0.011612,0.000000
0349.png,73.904015,0.999941,0.999970,0.999999,79.896668,0.319210,1517,0.004274,0.000000
0350.png,71.489511,0.999877,0.999883,0.999998,167.998755,0.523587,2098,0.007372,0.000000
0351.png,77.911767,0.999977,0.999984,0.999999,859.623624,0.314561,585,0.001692,0.000000
0352.png,71.398352,0.999913,0.999937,0.999990,429.080117,0.336445,1762,0.007781,0.000000
0353.png,71.940240,0.999925,0.999938,0.999986,168.518228,0.489947,2603,0.006646,0.000000
0354.png,72.030977,0.999917,0.999946,0.999988,30.484213,0.336217,2261,0.006539,0.000000
0355.png,66.188971,0.999503,0.999311,0.999914,22.821053,0.750825,8644,0.024999,0.000000
0356.png,73.356230,0.999952,0.999952,0.999999,33.134157,0.523272,1552,0.004785,0.000000
0357.png,77.378668,0.999972,0.999985,1.000000,1753.535068,0.524938,575,0.001917,0.000000
0358.png,76.981854,0.999956,0.999967,0.999998,71.414494,0.403226,720,0.002082,0.000000
0359.png,63.165839,0.998684,0.997187,0.999635,58.545217,0.667722,17371,0.050237,0.000000
0360.png,76.295629,0.999956,0.999946,1.000000,701.904657,0.487714,1261,0.002468,0.000000
0361.png,73.545216,0.999941,0.999969,0.999994,130.519166,0.305301,1802,0.004601,0.000000
0362.png,80.734078,0.999991,0.999994,1.000000,75.752898,0.443031,330,0.000884,0.000000
0363.png,83.660423,0.999998,0.999998,1.000000,30.675445,0.127930,156,0.000451,0.000000
0364.png,69.263800,0.999719,0.999199,0.999999,522.061904,0.831977,4285,0.012392,0.000000
0365.png,72.430709,0.999853,0.999748,0.999997,191.448450,0.597317,1844,0.005966,0.000000
0366.png,76.929154,0.999973,0.999981,0.999998,29.272551,0.289317,734,0.002123,0.000000
0367.png,71.741033,0.999891,0.999772,0.999949,1720.221776,0.574034,2331,0.006741,0.000000
0368.png,66.969020,0.999417,0.998403,0.999935,44.548090,0.681911,7238,0.020932,0.000000
0369.png,92.607998,1.000000,1.000000,1.000000,75.883798,0.173776,20,0.000058,0.000000
0370.png,88.628598,0.999998,0.999999,1.000000,59.334784,0.194224,51,0.000147,0.000000
0371.png,79.837484,0.999986,0.999980,1.000000,102.442575,0.652727,373,0.001079,0.000000
0372.png,78.995684,0.999997,0.999999,1.000000,105.089125,0.062952,380,0.001307,0.000000
0373.png,76.263770,0.999989,0.999957,0.999997,157.341352,0.672946,852,0.002464,0.000000
0374.png,71.914588,0.999864,0.999871,0.999999,2008.326589,0.403826,2813,0.006759,0.000000
0375.png,78.536271,0.999986,0.999991,1.000000,164.070671,0.487754,495,0.001432,0.000000
0376.png,68.072903,0.999527,0.998750,0.999956,282.940589,0.668155,5610,0.016224,0.000000
0377.png,78.454880,0.999976,0.999991,1.000000,181.541884,0.222888,504,0.001458,0.000000
0378.png,75.310711,0.999957,0.999975,0.999999,22.927381,0.293434,1200,0.003064,0.000000
0379.png,70.094270,0.999740,0.999517,0.999979,71.717198,0.521175,3530,0.010119,0.000000
0380.png,79.595567,0.999995,0.999996,1.000000,77.389707,0.220459,371,0.001144,0.000000
0381.png,68.605363,0.999694,0.999538,0.999970,400.204878,0.606722,5300,0.014314,0.000000
0382.png,78.679365,0.999981,0.999993,1.000000,457.520806,0.178331,491,0.001420,0.000000
0383.png,73.895621,0.999893,0.999874,0.999997,36.224657,0.514986,1645,0.004267,0.000000
0384.png,78.882360,0.999992,0.999990,1.000000,1417.474273,0.479781,465,0.001345,0.000000
0385.png,80.549889,0.999985,0.999986,1.000000,110.186366,0.579735,331,0.000901,0.000000
0386.png,74.103481,0.999941,0.999943,0.999997,55.564649,0.539087,1396,0.004037,0.000000
0387.png,72.719685,0.999861,0.999849,0.999996,26.882072,0.497139,1425,0.005749,0.000000
0388.png,72.306077,0.999867,0.999924,0.999953,239.248669,0.361039,2128,0.006154,0.000000
0389.png,69.924717,0.999815,0.999633,0.999995,119.865604,0.687089,3672,0.010619,0.000000
0390.png,76.336542,0.999957,0.999967,0.999999,134.059848,0.486945,816,0.002446,0.000000
0391.png,70.349057,0.999833,0.999850,0.999966,201.371086,0.540188,3341,0.009662,0.000000
0392.png,86.254544,0.999998,0.999999,1.000000,522.205333,0.132694,73,0.000249,0.000000
0393.png,77.924724,0.999963,0.999958,0.999999,135.240212,0.452964,577,0.001669,0.000000
0394.png,69.247663,0.999764,0.999768,0.999981,15.060958,0.496585,4863,0.012416,0.000000
0395.png,81.179328,0.999993,0.999997,1.000000,6.025200,0.259117,275,0.000795,0.000000
0396.png,71.659605,0.999846,0.999731,0.999982,115.318046,0.620545,2449,0.007083,0.000000
0397.png,79.867958,0.999989,0.999987,1.000000,60.894172,0.444388,344,0.001071,0.000000
0398.png,81.875274,0.999989,0.999989,1.000000,141.515528,0.373531,233,0.000674,0.000000
0399.png,75.247264,0.999967,0.999956,0.999991,2442.509289,0.281715,1055,0.003051,0.000000
0400.png,68.520788,0.999740,0.999496,0.999993,786.456132,0.746153,4812,0.014697,0.000000
0401.png,71.532690,0.999852,0.999803,0.999999,3141.759210,0.591332,2535,0.007331,0.000000
0402.png,74.103067,0.999934,0.999945,0.999998,275.060745,0.590782,1394,0.004031,0.000000
0403.png,69.365729,0.999829,0.999829,0.999992,47.204489,0.498067,4174,0.012071,0.000000
0404.png,84.508241,0.999998,0.999998,1.000000,87.598117,0.297612,154,0.000370,0.000000
0405.png,73.070303,0.999916,0.999925,0.999995,324.421103,0.564085,1766,0.005107,0.000000
0406.png,69.052783,0.999734,0.999441,0.999976,50.725446,0.802652,4474,0.012939,0.000000
0407.png,69.851150,0.999828,0.999848,0.999961,369.093355,0.465805,3741,0.010819,0.000000
0408.png,71.534054,0.999836,0.999847,0.999980,134.429294,0.414601,2722,0.007291,0.000000
0409.png,78.765394,0.999989,0.999996,1.000000,476.759334,0.212413,484,0.001387,0.000000
0410.png,69.070875,0.999714,0.999736,0.999954,15.038794,0.467939,4449,0.012867,0.000000
0411.png,73.339662,0.999884,0.999887,0.999976,13.600563,0.355974,1541,0.004796,0.000000
0412.png,73.200175,0.999925,0.999952,0.999998,35.738047,0.465726,1723,0.004983,0.000000
0413.png,80.725939,0.999987,0.999978,0.999998,2652.103013,0.189382,308,0.000883,0.000000
0414.png,70.629420,0.999835,0.999850,0.999982,893.136489,0.501229,3107,0.008985,0.000000
0415.png,68.611436,0.999778,0.999800,0.999964,170.422385,0.455321,4941,0.014289,0.000000
0416.png,67.097002,0.999506,0.998509,0.999964,31.464986,0.758719,7035,0.020345,0.000000
0417.png,71.992862,0.999912,0.999949,0.999992,24.968604,0.408719,2279,0.006591,0.000000
0418.png,73.292972,0.999909,0.999938,0.999989,34.964401,0.391058,1691,0.004890,0.000000
0419.png,64.164785,0.999180,0.998821,0.999777,166.811928,0.683257,15676,0.040022,0.000000
0420.png,76.964238,0.999980,0.999993,0.999999,107.655185,0.274400,821,0.002096,0.000000
0421.png,74.411646,0.999922,0.999957,0.999997,1558.390602,0.469691,1462,0.003762,0.000000
0422.png,72.486611,0.999906,0.999658,0.999999,881.102589,0.816461,2034,0.005882,0.000000
0423.png,71.500167,0.999911,0.999961,0.999993,7.410500,0.378712,2529,0.007314,0.000000
0424.png,77.471143,0.999968,0.999941,1.000000,35.752332,0.516599,647,0.001871,0.000000
0425.png,80.301783,0.999978,0.999898,1.000000,659.532091,0.717865,337,0.000975,0.000000
0426.png,77.665116,0.999970,0.999985,1.000000,81.023880,0.271636,533,0.001796,0.000000
0427.png,71.613034,0.999847,0.999865,0.999985,87.796624,0.348506,2475,0.007158,0.000000
0428.png,71.507791,0.999874,0.999887,0.999993,16.907360,0.336892,2527,0.007308,0.000000
0429.png,72.953519,0.999934,0.999967,0.999994,7.905400,0.298556,2065,0.005272,0.000000
0430.png,65.707151,0.999365,0.999258,0.999924,21.035573,0.460192,9759,0.027976,0.000000
0431.png,77.734798,0.999970,0.999962,1.000000,94.245619,0.615637,604,0.001747,0.000000
0432.png,72.893296,0.999880,0.999799,0.999997,16.171512,0.522954,1848,0.005344,0.000000
0433.png,73.398343,0.999893,0.999842,0.999998,87.086408,0.618242,1632,0.004720,0.000000
0434.png,74.847981,0.999947,0.999969,0.999998,10.221948,0.432120,1078,0.003454,0.000000
0435.png,71.452904,0.999859,0.999770,0.999998,234.192127,0.739774,2570,0.007432,0.000000
0436.png,71.258929,0.999803,0.999596,0.999997,602.753760,0.614268,2694,0.007791,0.000000
0437.png,71.409143,0.999793,0.999484,0.999990,79.337905,0.759053,1293,0.007825,0.000000
0438.png,76.267176,0.999964,0.999985,0.999995,362.503259,0.298933,864,0.002499,0.000000
0439.png,72.936996,0.999900,0.999920,0.999996,188.232908,0.354632,1888,0.005319,0.000000
0440.png,70.207990,0.999866,0.999911,0.999967,77.717596,0.425947,3423,0.009899,0.000000
0441.png,70.378495,0.999859,0.999823,0.999974,1977.684111,0.475004,2860,0.009441,0.000000
0442.png,75.837048,0.999957,0.999954,1.000000,354.084701,0.388526,943,0.002727,0.000000
0443.png,95.306943,1.000000,1.000000,1.000000,1003.430127,0.090670,10,0.000029,0.000000
0444.png,75.375494,0.999948,0.999948,0.999999,181.155866,0.596992,1046,0.003025,0.000000
0445.png,64.887284,0.999245,0.998500,0.999895,256.719415,0.622619,11669,0.033747,0.000000
0446.png,79.845243,0.999987,0.999993,1.000000,58.434580,0.267803,372,0.001076,0.000000
0447.png,70.259854,0.999752,0.999724,0.999910,70.994138,0.428744,4234,0.009813,0.000000
0448.png,71.358669,0.999920,0.999934,0.999996,85.026353,0.332539,2979,0.007606,0.000000
0449.png,77.577830,0.999973,0.999962,1.000000,271.169668,0.373193,637,0.001826,0.000000
0450.png,81.187547,0.999989,0.999994,1.000000,41.722337,0.304927,411,0.000790,0.000000
0451.png,78.415587,0.999979,0.999987,1.000000,50.545620,0.283366,520,0.001504,0.000000
0452.png,75.546952,0.999942,0.999825,0.999999,127.865819,0.663307,1059,0.002908,0.000000
0453.png,80.995867,0.999984,0.999987,1.000000,243.735914,0.312376,330,0.000843,0.000000
0454.png,74.395917,0.999941,0.999945,1.000000,162.422179,0.628912,1298,0.003754,0.000000
0455.png,71.239572,0.999851,0.999893,0.999995,39.894103,0.469682,2236,0.007774,0.000000
0456.png,68.855626,0.999729,0.999565,0.999951,47.082579,0.714651,4671,0.013509,0.000000
0457.png,81.474024,0.999983,0.999973,1.000000,394.477262,0.409049,217,0.000731,0.000000
0458.png,68.458998,0.999612,0.998895,0.999978,54.717476,0.620537,5138,0.014859,0.000000
0459.png,69.489099,0.999810,0.999845,0.999993,150.496249,0.511978,4059,0.011739,0.000000
0460.png,77.339519,0.999984,0.999993,1.000000,78.023060,0.295764,957,0.001931,0.000000
0461.png,67.737660,0.999658,0.999587,0.999958,33.589919,0.628526,6412,0.017462,0.000000
0462.png,77.768368,0.999965,0.999959,0.999998,98.660860,0.395349,608,0.001758,0.000000
0463.png,73.870875,0.999960,0.999980,0.999998,282.154807,0.270382,1508,0.004323,0.000000
0464.png,79.845243,0.999984,0.999982,1.000000,1102.067643,0.349822,371,0.001073,0.000000
0465.png,70.145180,0.999671,0.999310,0.999973,339.544738,0.563021,2959,0.010073,0.000000
0466.png,72.668127,0.999917,0.999936,0.999983,443.417907,0.345800,1939,0.005608,0.000000
0467.png,71.745241,0.999860,0.999797,0.999972,120.294847,0.673197,2410,0.006970,0.000000
0468.png,74.010896,0.999939,0.999954,0.999999,1348.937112,0.500484,1422,0.004112,0.000000
0469.png,66.713823,0.999680,0.999666,0.999955,15.273629,0.740825,7656,0.022141,0.000000
0470.png,78.133274,0.999980,0.999987,0.999999,15.231146,0.263322,547,0.001582,0.000000
0471.png,84.922917,0.999997,0.999998,1.000000,100.771948,0.228560,119,0.000344,0.000000
0472.png,77.157686,0.999971,0.999979,1.000000,30.860048,0.474536,704,0.002036,0.000000
0473.png,73.156340,0.999923,0.999925,0.999999,496.317265,0.534959,1742,0.005038,0.000000
0474.png,65.358213,0.999537,0.999548,0.999888,16.039602,0.657988,10438,0.030187,0.000000
0475.png,67.357856,0.999697,0.999786,0.999943,33.622261,0.511562,6620,0.019145,0.000000
0476.png,72.606980,0.999880,0.999861,0.999981,148.560944,0.380352,2116,0.005715,0.000000
0477.png,72.038563,0.999921,0.999959,0.999992,28.913832,0.461441,2250,0.006507,0.000000
0478.png,76.419040,0.999978,0.999982,1.000000,708.358989,0.302414,816,0.002360,0.000000
0479.png,74.233350,0.999923,0.999913,0.999999,621.669810,0.367214,1379,0.003988,0.000000
0480.png,65.202717,0.999297,0.999070,0.999892,43.457837,0.699095,10822,0.031297,0.000000
0481.png,69.469651,0.999671,0.998981,0.999973,47.118326,0.536703,4078,0.011690,0.000000
0482.png,72.936230,0.999912,0.999943,0.999991,61.081061,0.331726,1998,0.005266,0.000000
0483.png,70.878302,0.999815,0.999760,0.999992,268.909868,0.599912,2923,0.008453,0.000000
0484.png,75.934415,0.999941,0.999868,0.999989,35.818794,0.562448,919,0.002658,0.000000
0485.png,78.167444,0.999977,0.999987,1.000000,15.781411,0.308026,551,0.001593,0.000000
0486.png,70.461052,0.999824,0.999812,0.999985,280.228773,0.510967,3646,0.009309,0.000000
0487.png,80.765689,0.999989,0.999992,1.000000,196.568425,0.272820,304,0.000879,0.000000
0488.png,69.940565,0.999774,0.999447,0.999995,94.922182,0.549461,3645,0.010541,0.000000
0489.png,70.015914,0.999826,0.999872,0.999990,38.953862,0.465373,4048,0.010335,0.000000
0490.png,76.118138,0.999952,0.999943,0.999999,106.310059,0.457130,886,0.002562,0.000000
0491.png,75.511413,0.999928,0.999905,0.999991,331.474460,0.190633,1006,0.002884,0.000000
0492.png,76.306537,0.999967,0.999974,0.999991,77.110303,0.351840,840,0.002429,0.000000
0493.png,86.801676,0.999996,0.999997,1.000000,231.195514,0.619188,72,0.000208,0.000000
0494.png,64.192712,0.998923,0.997296,0.999653,278.254657,0.567263,13692,0.039597,0.000000
0495.png,66.290887,0.999354,0.999419,0.999925,27.874393,0.628874,8436,0.024397,0.000000
0496.png,71.039070,0.999822,0.999818,0.999998,157.555686,0.623287,2857,0.008262,0.000000
0497.png,79.083565,0.999986,0.999971,1.000000,1055.822402,0.349448,442,0.001278,0.000000
0498.png,72.354801,0.999872,0.999766,0.999997,215.702817,0.638478,2089,0.006041,0.000000
0499.png,74.214406,0.999943,0.999959,0.999999,63.805721,0.460964,1369,0.003959,0.000000
0500.png,70.658866,0.999901,0.999924,0.999995,619.135917,0.269699,4657,0.008952,0.000000
0501.png,76.483739,0.999962,0.999976,0.999999,1410.627478,0.377813,805,0.002328,0.000000
0502.png,76.335516,0.999959,0.999921,1.000000,1880.299063,0.786667,827,0.002392,0.000000
0503.png,72.989780,0.999940,0.999955,0.999995,140.862575,0.494646,1802,0.005211,0.000000
0504.png,74.526983,0.999945,0.999967,0.999998,297.714457,0.389942,1260,0.003644,0.000000
0505.png,84.082729,0.999997,0.999999,1.000000,34.800482,0.107331,117,0.000402,0.000000
0506.png,78.535122,0.999984,0.999984,1.000000,273.953777,0.405291,496,0.001434,0.000000
0507.png,69.378893,0.999711,0.998663,0.999992,175.976897,0.869137,4173,0.012068,0.000000
0508.png,75.499227,0.999927,0.999945,0.999999,1266.014045,0.295385,1022,0.002930,0.000000
0509.png,75.701692,0.999952,0.999924,0.999997,1519.705234,0.544754,967,0.002772,0.000000
0510.png,70.860506,0.999875,0.999928,0.999992,79.823081,0.440882,2945,0.008517,0.000000
0511.png,70.975422,0.999901,0.999932,0.999990,143.115865,0.366098,2442,0.008313,0.000000
0512.png,73.958240,0.999906,0.999929,0.999998,22.272870,0.413530,1558,0.004208,0.000000
0513.png,73.110764,0.999905,0.999757,1.000000,13289.673705,0.640559,2667,0.005127,0.000000
0514.png,74.304375,0.999952,0.999964,0.999998,229.387661,0.398528,1340,0.003841,0.000000
0515.png,88.156375,0.999999,1.000000,1.000000,17.561683,0.120077,56,0.000162,0.000000
0516.png,75.776204,0.999932,0.999952,0.999970,142.109349,0.343096,1076,0.002747,0.000000
0517.png,73.166513,0.999929,0.999920,0.999995,124.940700,0.598197,1962,0.005009,0.000000
0518.png,71.517860,0.999871,0.999889,0.999982,412.613720,0.485992,1844,0.007533,0.000000
0519.png,75.081804,0.999936,0.999927,0.999999,23.930143,0.557256,1111,0.003213,0.000000
0520.png,73.987450,0.999918,0.999895,0.999992,1649.272930,0.309521,1490,0.004309,0.000000
0521.png,74.527071,0.999906,0.999905,0.999998,126.025769,0.606178,1277,0.003661,0.000000
0522.png,70.059350,0.999803,0.999726,0.999986,57.654399,0.624910,3534,0.010220,0.000000
0523.png,76.925439,0.999982,0.999994,0.999999,13.764917,0.148274,487,0.002151,0.000000
0524.png,69.374919,0.999767,0.999669,0.999984,330.593269,0.696824,4153,0.012011,0.000000
0525.png,66.646300,0.999399,0.998999,0.999991,1348.886555,0.340359,7835,0.022659,0.000000
0526.png,85.098954,0.999998,0.999999,1.000000,46.315353,0.199733,109,0.000315,0.000000
0527.png,68.853992,0.999632,0.999404,0.999946,100.911874,0.568706,3624,0.013613,0.000000
0528.png,73.399344,0.999891,0.999896,0.999998,90.738578,0.525881,1868,0.004769,0.000000
0529.png,87.342684,0.999998,0.999999,1.000000,91.451724,0.109666,65,0.000188,0.000000
0530.png,64.621118,0.999138,0.998682,0.999911,47.178905,0.604689,12424,0.035930,0.000000
0531.png,72.915815,0.999898,0.999917,0.999990,65.766639,0.321661,2082,0.005316,0.000000
0532.png,70.972415,0.999839,0.999766,0.999998,149.533981,0.555402,2875,0.008315,0.000000
0533.png,75.231398,0.999939,0.999840,0.999999,590.022322,0.659527,1082,0.003129,0.000000
0534.png,71.756764,0.999822,0.999673,0.999972,98.315225,0.452277,2171,0.006956,0.000000
0535.png,71.368277,0.999802,0.999797,0.999979,33.893921,0.489560,2481,0.007577,0.000000
0536.png,72.584440,0.999906,0.999918,0.999990,62.690398,0.401331,1980,0.005726,0.000000
0537.png,75.689599,0.999935,0.999962,0.999996,221.478123,0.283898,968,0.002799,0.000000
0538.png,70.016807,0.999833,0.999551,0.999998,239.602597,0.793304,3579,0.010351,0.000000
0539.png,72.011686,0.999900,0.999899,0.999994,244.638415,0.610864,2291,0.006567,0.000000
0540.png,69.491747,0.999796,0.999846,0.999966,29.400359,0.546725,4039,0.011681,0.000000
0541.png,73.954738,0.999890,0.999867,0.999999,260.959407,0.464912,1456,0.004174,0.000000
0542.png,88.519160,0.999999,1.000000,1.000000,9.825948,0.097886,43,0.000148,0.000000
0543.png,68.537938,0.999692,0.999554,0.999990,5111.840486,0.560578,5086,0.014709,0.000000
0544.png,74.161841,0.999899,0.999760,0.999999,65.775788,0.612452,1381,0.003994,0.000000
0545.png,80.120667,0.999997,0.999998,0.999998,44.280226,0.137614,514,0.001012,0.000000
0546.png,74.383468,0.999952,0.999964,1.000000,67.875934,0.380493,1488,0.003799,0.000000
0547.png,71.631530,0.999890,0.999915,0.999994,36.492914,0.480237,2097,0.007138,0.000000
0548.png,69.736868,0.999797,0.999722,1.000000,5467.959107,0.549143,3831,0.011079,0.000000
0549.png,81.341770,0.999992,0.999996,1.000000,11.784293,0.201388,264,0.000763,0.000000
0550.png,71.202457,0.999854,0.999868,0.999996,60.023801,0.401738,2453,0.007859,0.000000
0551.png,73.975573,0.999930,0.999879,0.999999,44.410760,0.710543,1447,0.004185,0.000000
0552.png,81.997193,0.999991,0.999975,1.000000,260.525402,0.787280,224,0.000648,0.000000
0553.png,71.023354,0.999806,0.999796,0.999995,62.110344,0.371641,2838,0.008208,0.000000
0554.png,76.956021,0.999980,0.999984,1.000000,25.510915,0.443374,712,0.002096,0.000000
0555.png,80.699950,0.999990,0.999994,1.000000,60.000577,0.394714,310,0.000897,0.000000
0556.png,81.711094,0.999987,0.999988,1.000000,156.843649,0.529923,245,0.000709,0.000000
0557.png,81.229619,0.999985,0.999964,1.000000,163.050751,0.543529,233,0.000793,0.000000
0558.png,71.491309,0.999886,0.999885,0.999994,114.927843,0.537330,2553,0.007383,0.000000
0559.png,76.302193,0.999973,0.999986,0.999999,19.639138,0.258100,953,0.002433,0.000000
0560.png,69.602650,0.999730,0.999180,0.999994,139.469831,0.664007,3167,0.011373,0.000000
0561.png,86.320165,0.999997,0.999999,1.000000,104.369675,0.285098,72,0.000240,0.000000
0562.png,75.110165,0.999970,0.999979,0.999997,323.804492,0.324372,1118,0.003233,0.000000
0563.png,73.895109,0.999939,0.999966,0.999998,415.956620,0.419684,1474,0.004263,0.000000
0564.png,71.512870,0.999862,0.999821,0.999994,56.108178,0.723248,3019,0.007363,0.000000
0565.png,68.641293,0.999665,0.998966,0.999997,451.042153,0.825521,4913,0.014208,0.000000
0566.png,74.344104,0.999947,0.999958,0.999983,69.265632,0.313995,1347,0.003861,0.000000
0567.png,76.264110,0.999977,0.999987,0.999999,31.296365,0.227415,852,0.002464,0.000000
0568.png,73.863053,0.999914,0.999904,0.999998,181.617281,0.522361,1982,0.004261,0.000000
0569.png,71.881227,0.999831,0.999791,0.999999,83.795706,0.471742,2342,0.006773,0.000000
0570.png,72.155825,0.999867,0.999717,0.999996,71.698489,0.750466,2192,0.006339,0.000000
0571.png,72.722318,0.999901,0.999927,0.999996,133.018963,0.475085,1931,0.005584,0.000000
0572.png,73.894714,0.999941,0.999970,0.999997,25.628512,0.281038,1471,0.004254,0.000000
0573.png,72.296644,0.999876,0.999884,0.999993,20.158888,0.481932,2132,0.006166,0.000000
0574.png,71.528019,0.999831,0.999926,0.999990,71.243092,0.265524,2471,0.007275,0.000000
0575.png,76.580068,0.999974,0.999987,1.000000,19.376555,0.190062,799,0.002311,0.000000
0576.png,68.131913,0.999557,0.999325,0.999924,89.862555,0.500053,5533,0.016002,0.000000
0577.png,75.532414,0.999960,0.999966,0.999998,202.158446,0.252093,1004,0.002930,0.000000
0578.png,72.582324,0.999882,0.999646,1.000000,871.709355,0.695116,1814,0.005700,0.000000
0579.png,79.379107,0.999986,0.999995,1.000000,632.508817,0.108661,351,0.001195,0.000000
0580.png,73.770341,0.999924,0.999831,0.999993,153.060959,0.438741,1498,0.004371,0.000000
0581.png,69.675660,0.999708,0.999232,0.999993,87.291105,0.711152,3058,0.011229,0.000000
0582.png,82.647794,0.999993,0.999996,1.000000,588.290092,0.177320,194,0.000561,0.000000
0583.png,74.505556,0.999941,0.999947,1.000000,200.041551,0.482406,1125,0.003714,0.000000
0584.png,76.171137,0.999967,0.999972,0.999998,64.771119,0.437360,878,0.002539,0.000000
0585.png,80.739360,0.999994,0.999997,0.999999,26.465046,0.327094,282,0.000886,0.000000
0586.png,74.712588,0.999918,0.999870,0.999997,75.181255,0.550663,1282,0.003521,0.000000
0587.png,71.289671,0.999736,0.999331,0.999979,802.523606,0.754164,2668,0.007648,0.000000
0588.png,96.215018,1.000000,1.000000,1.000000,129.406569,0.019908,8,0.000023,0.000000
0589.png,70.816868,0.999767,0.999650,0.999947,36.538963,0.358797,3000,0.008676,0.000000
0590.png,74.393261,0.999926,0.999855,0.999998,234.831783,0.719385,1306,0.003777,0.000000
0591.png,77.286096,0.999971,0.999988,0.999999,6.870802,0.290825,599,0.001938,0.000000
0592.png,72.984016,0.999965,0.999986,0.999981,12.429650,0.284753,1809,0.005232,0.000000
0593.png,85.088552,0.999994,0.999996,1.000000,809.479094,0.473913,108,0.000312,0.000000
0594.png,75.293852,0.999952,0.999972,0.999996,32.984843,0.313962,1063,0.003074,0.000000
0595.png,69.898236,0.999711,0.999531,0.999942,46.780624,0.531897,3883,0.010663,0.000000
0596.png,70.058697,0.999782,0.999788,0.999997,156.797398,0.444827,3561,0.010298,0.000000
0597.png,74.926919,0.999930,0.999886,0.999998,77.558171,0.564825,1159,0.003352,0.000000
0598.png,67.140112,0.999502,0.999092,0.999975,55.681010,0.537727,6947,0.020091,0.000000
0599.png,68.034652,0.999646,0.999256,0.999982,50.412900,0.771369,5643,0.016320,0.000000
0600.png,76.444284,0.999982,0.999984,1.000000,74.509023,0.590624,912,0.002328,0.000000
0601.png,70.367412,0.999857,0.999893,0.999950,33.209124,0.433683,3307,0.009564,0.000000
0602.png,73.328505,0.999870,0.999876,0.999966,302.089985,0.469139,1660,0.004801,0.000000
0603.png,70.370040,0.999870,0.999904,0.999997,280.819052,0.375730,3324,0.009613,0.000000
0604.png,89.232056,0.999999,1.000000,1.000000,20.200793,0.097501,43,0.000124,0.000000
0605.png,74.490581,0.999931,0.999879,0.999971,1279.356277,0.451416,1349,0.003705,0.000000
0606.png,77.356674,0.999976,0.999991,0.999999,66.272294,0.210646,659,0.001906,0.000000
0607.png,73.915284,0.999942,0.999973,0.999999,1349.230252,0.217819,1470,0.004251,0.000000
0608.png,76.473008,0.999962,0.999970,1.000000,1499.916551,0.377289,810,0.002343,0.000000
0609.png,72.687660,0.999919,0.999928,0.999998,53.588999,0.501375,1943,0.005619,0.000000
0610.png,63.421082,0.998864,0.997298,0.999094,371.452375,0.812815,17372,0.047309,0.000000
0611.png,80.569550,0.999990,0.999987,1.000000,237.936360,0.466948,321,0.000928,0.000000
0612.png,73.511486,0.999944,0.999962,0.999996,16.400997,0.446476,1397,0.004611,0.000000
0613.png,81.127720,0.999992,0.999996,1.000000,65.765506,0.355844,324,0.000802,0.000000
0614.png,70.799128,0.999781,0.999657,0.999976,74.561709,0.631780,2990,0.008647,0.000000
0615.png,67.508121,0.999611,0.999711,0.999974,1338.522683,0.499910,6376,0.018439,0.000000
0616.png,70.858533,0.999789,0.999769,0.999984,229.899761,0.486843,3045,0.008729,0.000000
0617.png,74.820376,0.999963,0.999982,0.999996,19.305415,0.307786,1169,0.003381,0.000000
0618.png,77.090037,0.999950,0.999871,0.999999,373.215705,0.757710,700,0.002024,0.000000
0619.png,71.404314,0.999914,0.999948,0.999992,294.565677,0.388162,2928,0.007534,0.000000
0620.png,72.586191,0.999863,0.999801,0.999990,55.713175,0.522091,1985,0.005741,0.000000
0621.png,72.689752,0.999951,0.999958,0.999990,1604.770946,0.264538,1940,0.005611,0.000000
0622.png,70.555929,0.999796,0.999733,0.999997,37.583996,0.459194,3397,0.009175,0.000000
0623.png,74.160792,0.999954,0.999974,0.999998,65.760535,0.349395,1375,0.003977,0.000000
0624.png,69.074646,0.999736,0.999822,0.999967,47.969328,0.304542,4433,0.012820,0.000000
0625.png,76.166474,0.999973,0.999992,1.000000,63.556204,0.299064,874,0.002528,0.000000
0626.png,82.507922,0.999990,0.999986,1.000000,34.096226,0.439012,199,0.000576,0.000000
0627.png,72.294275,0.999881,0.999791,0.999978,155.296460,0.521659,1405,0.006377,0.000000
0628.png,82.948283,0.999994,0.999998,1.000000,15.504347,0.158671,215,0.000517,0.000000
0629.png,76.630764,0.999963,0.999941,1.000000,505.345410,0.536396,849,0.002274,0.000000
0630.png,81.525365,0.999981,0.999978,1.000000,876.983997,0.395219,258,0.000746,0.000000
0631.png,68.331580,0.999657,0.998906,0.999977,1034.933901,0.762112,5264,0.015224,0.000000
0632.png,88.790019,0.999998,0.999999,1.000000,28.004749,0.185398,48,0.000139,0.000000
0633.png,72.970757,0.999916,0.999865,0.999999,365.738722,0.710779,1820,0.005263,0.000000
0634.png,71.197103,0.999787,0.999787,1.000000,205.348669,0.417604,2772,0.008017,0.000000
0635.png,70.511533,0.999866,0.999863,0.999988,103.618586,0.561001,3235,0.009274,0.000000
0636.png,72.373943,0.999923,0.999945,0.999998,254.151059,0.360021,2075,0.006001,0.000000
0637.png,75.313367,0.999933,0.999868,0.999999,63.766041,0.721721,1202,0.003069,0.000000
0638.png,78.847656,0.999982,0.999989,1.000000,444.903535,0.354052,468,0.001353,0.000000
0639.png,80.304372,0.999988,0.999996,1.000000,49.522443,0.174927,340,0.000983,0.000000
0640.png,92.148956,1.000000,1.000000,1.000000,14.572578,0.189680,22,0.000064,0.000000
0641.png,80.827566,0.999996,0.999998,1.000000,80.361228,0.353202,300,0.000868,0.000000
0642.png,75.773329,0.999957,0.999972,0.999999,11.249612,0.529661,959,0.002773,0.000000
0643.png,85.624675,0.999995,0.999997,1.000000,913.194605,0.546567,110,0.000281,0.000000
0644.png,73.228856,0.999932,0.999945,0.999998,52.069382,0.473125,1698,0.004911,0.000000
0645.png,72.152918,0.999923,0.999946,0.999997,114.722123,0.439684,2202,0.006368,0.000000
0646.png,70.815765,0.999814,0.999458,0.999997,442.133739,0.746639,3251,0.008638,0.000000
0647.png,67.912663,0.999757,0.999858,0.999954,26.492195,0.523986,5821,0.016834,0.000000
0648.png,80.416296,0.999983,0.999980,0.999999,270.519503,0.403144,329,0.000951,0.000000
0649.png,68.601482,0.999807,0.999914,0.999948,30.719996,0.353721,5635,0.014387,0.000000
0650.png,83.207320,0.999991,0.999982,1.000000,10042.550508,0.389953,183,0.000494,0.000000
0651.png,80.893700,0.999990,0.999994,1.000000,10.716691,0.402836,260,0.000833,0.000000
0652.png,68.624315,0.999810,0.999884,0.999961,7.116040,0.400334,4912,0.014206,0.000000
0653.png,77.355410,0.999981,0.999990,1.000000,16.231320,0.224674,767,0.001899,0.000000
0654.png,72.321321,0.999850,0.999730,0.999986,28.146416,0.639748,2105,0.006142,0.000000
0655.png,68.521359,0.999777,0.999812,0.999971,66.364593,0.354109,5074,0.014674,0.000000
0656.png,68.420563,0.999801,0.999851,0.999969,350.746342,0.460071,5054,0.015015,0.000000
0657.png,73.459123,0.999944,0.999968,0.999993,97.095749,0.403334,1841,0.004700,0.000000
0658.png,73.325216,0.999946,0.999945,0.999999,131.286482,0.673112,1680,0.004859,0.000000
0659.png,75.747858,0.999963,0.999988,0.999998,12.928689,0.202861,964,0.002788,0.000000
0660.png,70.494501,0.999865,0.999905,0.999963,41.542987,0.524813,3227,0.009333,0.000000
0661.png,82.720000,0.999990,0.999988,1.000000,4149.158946,0.264778,185,0.000560,0.000000
0662.png,78.022129,0.999968,0.999944,1.000000,113.383406,0.612603,566,0.001637,0.000000
0663.png,78.199757,0.999974,0.999984,1.000000,53.040846,0.429409,542,0.001567,0.000000
0664.png,78.587439,0.999987,0.999990,1.000000,28.496885,0.358688,592,0.001423,0.000000
0665.png,76.030141,0.999956,0.999970,0.999999,74.148898,0.467283,895,0.002588,0.000000
0666.png,69.443498,0.999698,0.998477,0.999994,3586.229625,0.639218,4428,0.011765,0.000000
0667.png,71.101263,0.999824,0.999771,0.999876,57.105946,0.436626,2785,0.008054,0.000000
0668.png,73.190265,0.999872,0.999863,0.999971,35.144600,0.447824,1741,0.005035,0.000000
0669.png,69.869652,0.999868,0.999910,0.999973,102.166959,0.339229,4206,0.010738,0.000000
0670.png,71.375001,0.999827,0.999651,0.999992,1136.620206,0.641938,2594,0.007502,0.000000
0671.png,81.149862,0.999994,0.999998,1.000000,88.439733,0.142185,278,0.000804,0.000000
0672.png,73.345667,0.999938,0.999941,0.999997,274.238402,0.494614,1608,0.004821,0.000000
0673.png,71.058150,0.999889,0.999912,0.999992,73.605672,0.481720,2391,0.008139,0.000000
0674.png,71.050535,0.999866,0.999865,0.999991,273.402489,0.618764,2830,0.008184,0.000000
0675.png,70.414259,0.999754,0.999584,0.999988,44.733698,0.598606,3265,0.009442,0.000000
0676.png,84.932079,0.999992,0.999992,1.000000,372.938708,0.454463,119,0.000347,0.000000
0677.png,75.285369,0.999942,0.999843,0.999999,228.706592,0.763539,1079,0.003066,0.000000
0678.png,74.881028,0.999938,0.999958,0.999999,974.904968,0.223846,1266,0.003419,0.000000
0679.png,68.251105,0.999751,0.999714,0.999980,55.412884,0.553121,5812,0.015568,0.000000
0680.png,75.490616,0.999943,0.999940,0.999997,46.207087,0.343202,918,0.002970,0.000000
0681.png,75.089331,0.999965,0.999982,0.999997,18.894741,0.324727,1118,0.003233,0.000000
0682.png,72.362445,0.999863,0.999809,0.999824,1207.710262,0.238349,2101,0.006023,0.000000
0683.png,70.736794,0.999835,0.999856,0.999992,12.267684,0.454867,3030,0.008763,0.000000
0684.png,79.984128,0.999985,0.999988,1.000000,74.547284,0.341578,361,0.001044,0.000000
0685.png,73.693356,0.999913,0.999922,0.999992,160.611561,0.526121,1215,0.004412,0.000000
0686.png,78.054918,0.999981,0.999988,0.999999,88.878113,0.219150,562,0.001625,0.000000
0687.png,70.966123,0.999829,0.999873,0.999990,373.479008,0.424849,3286,0.008390,0.000000
0688.png,66.275736,0.999441,0.999255,0.999989,1161.249834,0.519983,8519,0.024637,0.000000
0689.png,75.883586,0.999946,0.999901,1.000000,327.033435,0.669399,922,0.002666,0.000000
0690.png,69.738459,0.999875,0.999941,0.999991,21.383128,0.407694,3820,0.011047,0.000000
0691.png,67.839182,0.999552,0.998983,0.999918,570.356503,0.539604,5889,0.017031,0.000000
0692.png,79.702388,0.999979,0.999967,1.000000,255.598960,0.478967,385,0.001113,0.000000
0693.png,79.491398,0.999986,0.999990,1.000000,27.672332,0.504799,454,0.001159,0.000000
0694.png,75.890454,0.999967,0.999984,0.999997,13.668623,0.353146,934,0.002701,0.000000
0695.png,65.694853,0.999536,0.999414,0.999635,21.496934,0.513505,9706,0.028070,0.000000
0696.png,68.593526,0.999645,0.999189,0.999994,113.551947,0.592196,4974,0.014385,0.000000
0697.png,71.297384,0.999790,0.999747,0.999975,75.639328,0.545950,2662,0.007699,0.000000
0698.png,69.141446,0.999755,0.999378,0.999998,2108.222062,0.700642,6380,0.012713,0.000000
0699.png,78.907583,0.999978,0.999977,1.000000,52.602323,0.520924,538,0.001342,0.000000
0700.png,87.022429,0.999999,0.999999,1.000000,2048.092847,0.058228,94,0.000213,0.000000
0701.png,77.222788,0.999974,0.999979,0.999992,345.761098,0.326323,663,0.001935,0.000000
0702.png,68.138121,0.999686,0.999581,0.999965,29.591791,0.685613,5394,0.016025,0.000000
0703.png,72.166150,0.999919,0.999925,0.999997,186.347418,0.493090,2170,0.006276,0.000000
0704.png,67.391229,0.999502,0.999240,0.999980,192.491879,0.661219,6604,0.019099,0.000000
0705.png,74.859870,0.999951,0.999958,0.999999,11.858015,0.283518,1175,0.003398,0.000000
0706.png,79.070003,0.999976,0.999979,0.999999,51.845924,0.378034,445,0.001276,0.000000
0707.png,72.895960,0.999848,0.999664,0.999990,122.280723,0.716639,1838,0.005316,0.000000
0708.png,76.334131,0.999964,0.999962,0.999999,162.208685,0.434216,844,0.002441,0.000000
0709.png,70.886585,0.999791,0.999635,0.999991,74.619091,0.651555,2919,0.008442,0.000000
0710.png,72.796944,0.999864,0.999857,0.999983,33.144526,0.371973,1358,0.005690,0.000000
0711.png,75.724397,0.999954,0.999967,1.000000,4117.365796,0.325838,1095,0.002796,0.000000
0712.png,72.750638,0.999883,0.999919,0.999989,34.256684,0.359778,2539,0.005569,0.000000
0713.png,77.806503,0.999966,0.999946,1.000000,152.987017,0.753867,590,0.001722,0.000000
0714.png,73.651790,0.999937,0.999913,0.999998,75.343602,0.645431,1744,0.004488,0.000000
0715.png,71.249770,0.999870,0.999919,0.999997,123.551129,0.413587,2668,0.007855,0.000000
0716.png,66.107966,0.999453,0.999500,0.999933,17.934933,0.507513,13269,0.025507,0.000000
0717.png,75.654838,0.999968,0.999970,1.000000,2545.382235,0.424246,977,0.002825,0.000000
0718.png,77.619772,0.999963,0.999922,1.000000,12552.608830,0.338466,631,0.001825,0.000000
0719.png,73.548217,0.999955,0.999977,0.999994,59.601473,0.392748,1590,0.004598,0.000000
0720.png,74.765536,0.999945,0.999914,1.000000,184.639957,0.649910,1201,0.003473,0.000000
0721.png,71.031409,0.999863,0.999889,0.999971,22.690025,0.450383,2844,0.008225,0.000000
0722.png,69.629653,0.999712,0.999486,0.999992,65.949806,0.483082,3929,0.011363,0.000000
0723.png,71.392377,0.999852,0.999876,0.999981,61.196611,0.407932,2622,0.007583,0.000000
0724.png,73.539844,0.999893,0.999903,0.999970,39.443977,0.360585,1605,0.004642,0.000000
0725.png,76.208290,0.999977,0.999979,1.000000,54.205548,0.306350,872,0.002522,0.000000
0726.png,72.565531,0.999895,0.999876,0.999996,27.222673,0.533590,1698,0.005780,0.000000
0727.png,67.084152,0.999586,0.999247,0.999971,124.435192,0.721075,7057,0.020409,0.000000
0728.png,69.004556,0.999765,0.999805,0.999972,120.375577,0.565339,4553,0.013052,0.000000
0729.png,82.477916,0.999992,0.999996,1.000000,32.263773,0.255683,208,0.000602,0.000000
0730.png,73.310530,0.999917,0.999949,0.999999,128.424286,0.331691,1672,0.004835,0.000000
0731.png,75.262107,0.999953,0.999962,1.000000,71.148569,0.448123,1057,0.003057,0.000000
0732.png,85.421934,0.999997,0.999998,1.000000,184.265785,0.332147,120,0.000306,0.000000
0733.png,66.430365,0.999465,0.999049,0.999910,79.964039,0.508171,7909,0.023712,0.000000
0734.png,70.395971,0.999834,0.999822,0.999991,388.124690,0.532956,3332,0.009636,0.000000
0735.png,75.030349,0.999937,0.999833,0.999993,1245.828509,0.548761,1271,0.003245,0.000000
0736.png,68.621639,0.999774,0.999705,0.999993,31.783397,0.257903,5292,0.014293,0.000000
0737.png,73.065899,0.999915,0.999861,0.999999,142.434950,0.743902,1784,0.005159,0.000000
0738.png,70.436717,0.999817,0.999746,0.999990,31.861128,0.631869,3255,0.009413,0.000000
0739.png,74.909187,0.999965,0.999980,0.999999,66.215829,0.293613,1161,0.003358,0.000000
0740.png,83.162837,0.999995,0.999997,1.000000,21.127193,0.390982,172,0.000497,0.000000
0741.png,77.634213,0.999981,0.999979,1.000000,34.306309,0.456506,604,0.001794,0.000000
0742.png,83.298301,0.999996,0.999996,1.000000,777.594128,0.482336,170,0.000492,0.000000
0743.png,71.764409,0.999920,0.999946,0.999998,6.432765,0.111410,2397,0.006932,0.000000
0744.png,70.123674,0.999786,0.999681,0.999994,98.321740,0.503182,4081,0.010103,0.000000
0745.png,79.393991,0.999973,0.999980,0.999999,122.240249,0.310551,345,0.001187,0.000000
0746.png,69.821620,0.999707,0.999330,0.999988,199.108417,0.372586,3748,0.010839,0.000000
0747.png,72.199544,0.999812,0.999737,1.000000,2933.027888,0.435941,2360,0.006322,0.000000
0748.png,79.591770,0.999989,0.999996,1.000000,42.077705,0.302296,446,0.001139,0.000000
0749.png,70.470850,0.999809,0.999763,0.999994,75.705302,0.619415,3174,0.009345,0.000000
0750.png,78.719931,0.999988,0.999983,1.000000,38.335785,0.534373,484,0.001400,0.000000
0751.png,80.065882,0.999979,0.999974,1.000000,117.865565,0.542974,358,0.001035,0.000000
0752.png,71.327600,0.999802,0.999790,0.999964,38.542398,0.529334,2304,0.007683,0.000000
0753.png,75.399214,0.999965,0.999972,0.999999,36.936564,0.337144,1179,0.003010,0.000000
0754.png,75.727048,0.999945,0.999908,0.999998,173.779206,0.609141,975,0.002820,0.000000
0755.png,69.338000,0.999796,0.999881,0.999981,28.218855,0.456821,4183,0.012097,0.000000
0756.png,78.487708,0.999982,0.999989,0.999999,21.183184,0.275247,503,0.001455,0.000000
0757.png,73.775089,0.999873,0.999804,0.999991,269.347467,0.504374,1574,0.004323,0.000000
0758.png,74.231644,0.999955,0.999973,0.999990,28.659190,0.347327,1359,0.003930,0.000000
0759.png,74.925167,0.999950,0.999957,0.999997,130.478277,0.415987,1156,0.003343,0.000000
0760.png,79.401203,0.999986,0.999994,1.000000,111.899893,0.257321,411,0.001189,0.000000
0761.png,73.991560,0.999925,0.999938,0.999997,131.190562,0.425131,1526,0.004156,0.000000
0762.png,85.892387,0.999998,0.999998,1.000000,158.800138,0.530126,87,0.000263,0.000000
0763.png,76.349758,0.999951,0.999811,0.999997,250.225018,0.715255,939,0.002397,0.000000
0764.png,72.786138,0.999863,0.999106,0.999999,663.043451,0.895261,1877,0.005477,0.000000
0765.png,73.322621,0.999925,0.999929,0.999997,185.685844,0.438583,1681,0.004861,0.000000
0766.png,80.444733,0.999988,0.999995,1.000000,248.339896,0.190280,323,0.000934,0.000000
0767.png,69.806933,0.999768,0.999670,0.999991,18.337874,0.607385,4361,0.010879,0.000000
0768.png,68.371388,0.999613,0.998651,0.999992,405.307384,0.822185,5233,0.015134,0.000000
0769.png,85.906417,0.999997,0.999999,1.000000,53.317023,0.173053,92,0.000266,0.000000
0770.png,74.933932,0.999927,0.999949,0.999987,68.975634,0.335663,1158,0.003349,0.000000
0771.png,74.685027,0.999942,0.999946,0.999999,249.810215,0.472965,1226,0.003546,0.000000
0772.png,77.310071,0.999969,0.999987,0.999998,95.700358,0.211729,667,0.001929,0.000000
0773.png,74.955290,0.999969,0.999983,0.999999,32.093539,0.488478,1143,0.003306,0.000000
0774.png,69.353021,0.999785,0.999818,0.999980,155.669845,0.504529,4176,0.012077,0.000000
0775.png,75.101559,0.999915,0.999908,0.999988,635.379448,0.408780,1085,0.003138,0.000000
0776.png,73.908617,0.999924,0.999970,0.999996,17.215430,0.275170,1647,0.004205,0.000000
0777.png,74.380934,0.999957,0.999959,1.000000,314.370626,0.546591,1487,0.003796,0.000000
0778.png,71.770454,0.999913,0.999953,0.999972,356.379540,0.376546,2388,0.006906,0.000000
0779.png,73.458958,0.999900,0.999817,0.999999,850.028791,0.675184,1619,0.004682,0.000000
0780.png,72.965178,0.999912,0.999928,0.999999,16.068401,0.603759,1815,0.005249,0.000000
0781.png,80.951024,0.999988,0.999981,1.000000,48.606720,0.393043,286,0.000827,0.000000
0782.png,85.782878,0.999996,0.999995,1.000000,355.140563,0.626985,111,0.000267,0.000000
0783.png,74.954435,0.999934,0.999911,0.999997,15.590522,0.544106,1161,0.003328,0.000000
0784.png,80.177617,0.999986,0.999985,1.000000,733.239003,0.491311,345,0.000998,0.000000
0785.png,85.185268,0.999997,0.999998,1.000000,269.555986,0.441151,99,0.000317,0.000000
0786.png,76.949440,0.999979,0.999989,0.999999,90.144095,0.290515,732,0.002117,0.000000
0787.png,82.609465,0.999995,0.999998,1.000000,9.652733,0.130269,196,0.000567,0.000000
0788.png,70.092766,0.999735,0.999746,0.999993,177.227765,0.372683,3533,0.010217,0.000000
0789.png,78.868215,0.999989,0.999995,1.000000,32.929612,0.299654,431,0.001341,0.000000
0790.png,68.585849,0.999712,0.999667,0.999946,29.494064,0.576796,4977,0.014394,0.000000
0791.png,71.958109,0.999843,0.999746,0.999994,75.707260,0.664191,2295,0.006637,0.000000
0792.png,73.144371,0.999914,0.999857,0.999992,138.968254,0.398615,1764,0.005102,0.000000
0793.png,71.541042,0.999843,0.999590,0.999994,202.196680,0.651824,2760,0.007274,0.000000
0794.png,72.122713,0.999877,0.999899,0.999998,83.792663,0.388724,2064,0.006363,0.000000
0795.png,69.139424,0.999778,0.999795,0.999988,112.802860,0.625464,3755,0.012783,0.000000
0796.png,76.119125,0.999973,0.999971,1.000000,97.606117,0.371098,883,0.002554,0.000000
0797.png,85.704824,0.999998,0.999999,1.000000,18.161136,0.104234,98,0.000271,0.000000
0798.png,76.502763,0.999976,0.999979,0.999999,42.956920,0.443805,814,0.002354,0.000000
0799.png,72.390938,0.999878,0.999374,0.999999,124.789412,0.927324,2084,0.006027,0.000000
0800.png,73.443239,0.999904,0.999912,0.999981,545.941642,0.524675,1583,0.004661,0.000000
